ID,HOMO,HOMO_LUMO_Gap,LUMO,ODI_HOMO,ODI_LUMO,ODI_Mean,ODI_Std,ESPmin,ESPmax,MolWt,TPSA,Dipole_Moment,NumHAcceptors,NumRotatableBonds,Nonpolar_Area,Polar_Area,Overall_Variance,Quadrupole_Moment,Octopole_Moment,NumHeteroatoms,NumAromaticRings,MolLogP,Volume,Density,Initial_PCE,Enhanced_PCE
2,-0.186865,0.143702,-0.043163,6.01,5.46,5.8275,0.390088131,-37.74553,56.55639,403.418,62.46,2.583222,2,5,46.58,53.42,0.00037246,16.284674,459.6656,5,5,6.0588,3208.4606,1.409,20.8,24.1
3,-0.182816,0.157198,-0.025618,4.37,5.47,4.92,0.607494856,-39.95129,55.21131,544.591,67.39,1.793261,3,7,53.6,46.4,0.00031504,43.759091,886.2533,6,7,8.5165,4371.57278,1.396,24.07,26.9
5,-0.274143,0.215894,-0.058248,15.05,12.05,15.3975,2.271534448,-31.2403,60.57222,192.623,54.37,3.046897,2,1,48.74,51.26,0.00056453,14.2569,125.9748,5,1,1.5867,1278.33706,1.6885,18.2,21.8
6,-0.202729,0.171152,-0.031577,9.2,7.41,9.0875,2.02188495,-34.46751,61.37303,465.103,60.77,3.486171,3,3,60.36,39.64,0.00044781,18.683762,286.0288,8,2,4.992,2677.00048,1.9469,21.16,22.44
7,-0.180537,0.119054,-0.061483,4.14,7.37,6.745,2.927067645,-42.08892,54.00676,635.716,79.15,6.416934,6,9,49.04,50.96,0.00030719,69.22102,2126.3392,7,7,9.5173,5086.61009,1.4005,18.9,21
8,-0.232943,0.261222,0.028279,71.92,31.97,31.16,25.32491165,-36.45253,16.87233,196.344,27.69,1.643546,4,6,53.89,46.11,0.00027167,16.439739,129.1304,5,0,1.1844,1724.21658,1.276,23.21,25.4
9,-0.160241,0.031986,-0.128255,7.9,13.09,8.1175,3.049716175,-36.98421,37.26605,615.827,50.82,9.003219,5,5,38.17,61.83,0.00048244,175.027556,1909.3198,5,7,11.96066,5393.84251,1.2794,24.6,26.23
10,-0.19533,0.168641,-0.026689,27.95,11.52,30.3425,22.7196428,-30.03087,22.07378,178.26,9.86,4.246131,3,0,44.62,55.38,0.00036802,16.411184,102.1053,3,2,2.24629,1489.25685,1.3413,21.88,25.05
11,-0.228223,0.292533,0.06431,39.29,3.82,21.3,13.3477957,-41.08156,39.02156,167.252,46.25,2.456514,2,0,69.42,30.58,0.00047551,8.861707,68.1223,2,0,1.0288,1495.47345,1.2532,19.62,22.21
12,-0.162852,0.125017,-0.037835,3,2.99,3.7,0.981147288,-25.81393,18.43153,972.986,53.26,1.633134,8,14,63.81,36.19,0.00011994,61.872267,1654.0929,14,10,15.5638,7259.32173,1.5019,22.2,24
14,-0.187628,0.116774,-0.070854,5.99,9.86,6.4875,2.001741429,-43.34225,53.38974,436.404,103.02,6.920162,5,7,50.83,49.17,0.0005433,23.944543,817.1348,8,3,5.21578,3403.95681,1.4366,23.43,25.16
15,-0.223137,0.229924,0.006787,23.2,21.76,23.075,3.510843916,-36.60931,49.26706,160.173,69.64,1.756935,3,4,54.95,45.05,0.00052494,9.758367,145.2476,5,0,-0.556,1349.70723,1.3298,19.04,22.15
16,-0.192688,0.160655,-0.032032,5.24,7.94,5.5125,1.446813309,-35.77696,59.71768,487.492,80.92,1.965698,4,7,48.02,51.98,0.0003357,33.700689,409.5585,7,5,6.3234,3858.96438,1.4156,23.5,26.2
17,-0.245512,0.150649,-0.094863,10.38,10.16,13.5875,4.774659019,-53.40531,30.05508,297.104,56.51,4.806491,4,2,48.84,51.16,0.00069282,32.57961,249.0858,5,2,2.7322,1886.06282,1.7652,24.24,26.32
18,-0.193353,0.1558,-0.037554,6.76,6.37,8.6025,2.120959394,-39.6757,54.08673,406.465,66.76,1.143141,4,6,49.32,50.68,0.0003544,31.598747,456.6439,7,4,5.7782,3070.84473,1.4832,23.29,24.53
19,-0.211094,0.175889,-0.035204,58.08,6.3,32.9775,25.51267761,-35.41129,17.84962,294.359,0,5.219478,1,3,53.13,46.87,0.0003245,15.573849,194.7397,2,3,3.4424,2457.78786,1.342,13.67,15.26
20,-0.186274,0.166629,-0.019645,9.91,4.1,7.425,2.207085182,-38.85172,55.38147,483.504,70,1.705833,3,5,55.16,44.84,0.00034055,15.972268,426.4947,6,4,6.5844,3783.88391,1.4319,22.4,25.1
21,-0.191434,0.143264,-0.04817,5.93,4.14,5.1675,0.736931985,-38.9224,58.19453,423.408,62.46,2.068684,2,2,55.1,44.9,0.00040475,24.247713,380.2218,5,6,5.8931,3225.47243,1.471,25.3,26.39
22,-0.206575,0.17077,-0.035805,7.9,8.2,8.0625,1.0414023,-37.13848,57.31225,395.486,62.46,4.12041,4,7,50.22,49.78,0.00039335,24.791008,398.877,7,3,5.1962,3139.93171,1.4114,22.23,25.13
23,-0.197149,0.153148,-0.044001,7.1,6.71,6.64,0.302241625,-36.94811,57.14472,399.452,62.46,3.547763,3,6,47.34,52.66,0.00038945,16.579041,534.236,6,4,5.6275,3171.23672,1.4115,18.17,26.01
24,-0.184916,0.155584,-0.029332,9.46,7.71,7.295,1.79583546,-39.91426,54.93652,467.505,60.77,1.377309,2,5,56.28,43.72,0.00035406,23.933969,659.456,5,4,6.4591,3727.02762,1.4056,22.1,25.28
26,-0.192905,0.137882,-0.055024,7.13,6.78,7.265,0.376065154,-40.23172,53.90047,338.343,57.53,1.064578,1,5,50.84,49.16,0.00037682,20.809761,284.6928,4,4,5.0844,2701.65105,1.4034,18.4,20.2
27,-0.195705,0.15208,-0.043625,8.39,7.29,7.76,0.398057785,-39.12707,56.11993,383.406,62.46,3.526208,4,5,47.26,52.74,0.00040919,28.845887,413.5107,8,4,5.1677,2735.44964,1.5706,23.31,25.35
29,-0.201025,0.166431,-0.034594,8.55,8.34,8.605,0.278612634,-35.56199,59.94849,293.234,62.46,2.580824,2,3,47.92,52.08,0.00046571,19.688897,167.9866,6,3,3.1113,2155.89572,1.5241,20.28,23.25
30,-0.187717,0.149191,-0.038526,4.56,4.08,4.2225,0.206926919,-46.78549,57.6181,948.78,249.84,2.910114,8,16,48.08,51.92,0.00057143,16.603275,1204.9377,20,8,8.758,6931.16986,1.5339,18.9,21.7
31,-0.194998,0.137943,-0.057054,7.14,6.77,7.2625,0.378045963,-40.0527,54.5525,310.289,57.53,1.414448,1,3,48.76,51.24,0.00042607,17.055907,455.3399,4,4,4.3042,2385.76023,1.4574,23.1,26.1
32,-0.196535,0.155973,-0.040562,7.34,10.45,8.685,1.170779655,-41.45645,54.2607,351.342,62.46,1.149045,2,2,62.45,37.55,0.00043416,19.746816,366.6186,5,4,4.20354,2769.65945,1.4215,24.14,26.17
33,-0.195591,0.155653,-0.039938,5.83,7.39,6.2875,0.660165699,-45.23842,51.33393,500.428,124.92,3.300307,4,8,45.3,54.7,0.00038272,36.060459,631.2528,10,5,5.038,3717.71932,1.5084,23.11,25.15
34,-0.177508,0.151827,-0.025681,7.22,8.16,7.9725,0.503258135,-39.11041,55.04831,451.456,99.38,1.245051,6,13,55.29,44.71,0.00034261,21.415642,817.8647,9,3,3.8028,3670.40577,1.3783,23.38,25.52
35,-0.176055,0.082927,-0.093128,6.14,9.6,6.7175,1.934610749,-43.4714,50.95923,559.647,84.78,7.057163,7,8,60.99,39.01,0.00034892,82.254254,1798.8969,8,6,8.2105,4339.89594,1.445,20.8,24.8
36,-0.217431,0.156832,-0.060599,8.12,7.65,11.805,6.291265771,-34.0275,59.9846,527.036,62.46,4.374515,2,3,59.69,40.31,0.00041808,21.061254,323.6939,7,3,4.1814,2730.32005,2.1631,24.11,25.39
37,-0.177544,0.150793,-0.02675,6.51,8.12,8.465,1.446729069,-27.81479,16.16146,423.541,51.08,2.126106,6,7,60.07,39.93,0.00014828,25.857391,399.387,7,4,3.886,3439.97065,1.3797,23.5,24.8
38,-0.191164,0.155763,-0.035401,8.3,7.25,8.5425,1.743020008,-38.98072,55.96396,395.486,62.46,2.699392,4,7,46.5,53.5,0.00041776,39.400028,317.1456,7,3,5.1962,3096.43088,1.4312,19.23,21.22
39,-0.194313,0.16292,-0.031392,6.49,6.99,7.27,0.746424812,-39.16692,55.90417,409.447,62.46,2.707466,3,5,44.74,55.26,0.00036887,31.876387,364.0872,6,5,6.1203,3159.4957,1.4522,20.22,24.04
40,-0.302604,0.188564,-0.11404,13.51,13.21,12.9625,0.965333492,-32.0469,35.62172,184.101,66.93,4.492717,3,1,28.53,71.47,0.00038372,18.722685,92.8778,6,1,1.74468,1169.71443,1.7637,23.1,25.8
42,-0.1928,0.125056,-0.067744,3.41,6.98,4.2725,1.564662504,-40.3604,56.32206,679.866,42.23,2.94196,4,7,55.38,44.62,0.00028467,71.663742,2417.5656,5,9,12.9399,5368.03658,1.4192,16.27,19.8
43,-0.174343,0.082115,-0.092228,4.3,4.94,4.555,0.267628474,-40.06517,20.60416,1075.122,90.98,3.071546,8,16,63.66,36.34,0.00021117,97.602834,1343.4502,14,9,18.16056,8229.77176,1.4639,20.94,22.25
44,-0.18811,0.153767,-0.034342,5.02,7.64,5.6975,1.146393802,-39.01188,56.23935,467.552,62.46,2.513604,4,7,45.89,54.11,0.00034204,31.999585,528.2966,7,5,7.2094,3603.63431,1.4539,22.29,23.45
45,-0.16212,0.124782,-0.037338,3.2,3.09,3.2825,0.143069039,-22.85152,18.58976,972.986,53.26,2.330024,8,14,63.57,36.43,0.00011868,71.527359,1361.2462,14,10,15.5638,7261.59733,1.5015,19.8,20.2
46,-0.24963,0.293153,0.043523,14.52,8.34,10.64,4.72592319,-39.71284,50.87127,342.297,189.53,4.35974,11,4,40.91,59.09,0.00052498,20.606108,103.9703,11,0,-5.3972,2433.78598,1.576,17.73,20.65
47,-0.189384,0.154415,-0.034969,4.95,7.74,5.6975,1.207091028,-35.16897,60.33983,439.498,62.46,2.872745,4,5,47.97,52.03,0.00037016,23.343451,463.2793,7,5,6.4292,3293.50662,1.4953,17.5,18.65
48,-0.182192,0.088285,-0.093906,6.23,9.08,5.915,2.015917905,-41.47699,37.65691,476.532,82.79,10.436196,5,8,56.3,43.7,0.0003647,53.472853,1317.6846,6,4,6.83218,3866.95786,1.3809,21.29,22.53
49,-0.184238,0.157641,-0.026597,5.12,5.75,5.2675,0.278691137,-39.29156,63.20072,603.675,126.69,7.362677,6,12,41.13,58.87,0.00057074,51.566515,1378.0661,9,7,7.6047,4727.39103,1.4309,17.5,21.2
50,-0.171932,0.122131,-0.049801,5.12,4.16,5.1075,0.586744195,-23.86507,19.68852,927.389,6.48,3.053066,8,12,57.89,42.11,0.00012618,66.798103,2362.6947,8,8,17.5093,7453.45503,1.3942,24.7,26.1
51,-0.189786,0.093753,-0.096033,11.06,10.81,10.4625,0.618319295,-35.39632,62.0039,406.403,84.56,1.711065,4,3,49.98,50.02,0.00046538,24.749404,497.6972,7,3,5.66318,3032.09106,1.5019,22.46,25.35
52,-0.170104,0.146178,-0.023925,5.49,4.39,4.7125,0.451241343,-39.19685,47.77689,514.625,50.8,3.949328,4,8,55.02,44.98,0.00025256,49.351523,738.6011,5,5,8.466,4303.3396,1.3401,19.64,21.56
53,-0.182352,0.141155,-0.041197,6.08,5.35,5.47,0.381641193,-39.51608,55.59301,463.47,80.92,3.00325,4,7,39.41,60.59,0.0003486,42.032514,615.0432,7,5,6.076,3651.21085,1.4224,21.6,25.6
56,-0.135157,0.010603,-0.124554,4.16,3.52,4.355,0.675925292,-29.84286,26.85649,1927.785,16.2,8.732954,15,30,57.37,42.63,0.00020154,91.360712,1643.7661,15,21,38.669,15428.79134,1.4001,17.26,21.7
57,-0.175642,0.155282,-0.02036,5.09,6.11,5.3825,0.4212704,-41.54924,58.0552,753.666,187.38,2.585631,6,15,48.48,51.52,0.0005466,26.839712,1015.8582,15,7,7.884,5669.02105,1.4897,19.4,23
58,-0.186698,0.112691,-0.074007,4.91,4.76,4.8125,0.48427136,-42.78892,22.05225,682.86,52.6,9.744053,4,4,64.62,35.38,0.00040369,72.722805,1037.1268,4,8,12.3926,5687.43479,1.3454,20.57,22.03
59,-0.190854,0.086742,-0.104112,7.53,11.75,7.405,2.687280224,-46.63614,50.31671,459.467,86.55,6.142455,5,5,60.18,39.82,0.00047014,27.079245,713.5813,8,5,5.6311,3424.33181,1.5035,21.25,23.24
60,-0.161912,0.112663,-0.049249,2.79,4.51,3.475,0.632830941,-22.9726,18.21913,803.043,43.4,3.243003,9,12,57.39,42.61,0.00012373,75.682194,1578.6482,9,9,14.4855,6317.78806,1.4243,17.74,19.23
61,-0.174222,0.117125,-0.057098,2.99,4.15,3.35,0.482493523,-25.96843,21.1554,907.258,24.94,3.928873,10,14,60.82,39.18,0.00013448,62.199492,2738.8431,12,8,16.4194,6940.43829,1.4648,19.22,21.01
62,-0.21103,0.166404,-0.044626,8.62,9.03,8.095,0.745268408,-58.07178,39.2399,319.336,74.57,7.552958,5,3,35.2,64.8,0.00066546,16.312311,229.0928,7,2,1.2683,2442.64661,1.465,18.08,19.46
63,-0.169747,0.098085,-0.071663,4.06,5.64,4.2275,0.891161461,-20.28653,17.0299,1777.245,22.68,4.399931,7,24,74.31,25.69,8.98E-05,21.226411,913.1728,7,21,36.6831,14625.64351,1.3617,18.97,19.86
65,-0.173663,0.074274,-0.09939,3.85,5.4,4.3525,0.75698002,-33.31632,18.89751,1014.235,80.78,5.578962,8,19,68.04,31.96,0.00014335,45.888048,1691.5146,9,9,16.9783,8386.44746,1.3552,22.11,24.2
67,-0.237245,0.187429,-0.049816,13.72,10.49,12.8775,1.460160522,-38.6154,48.31109,209.098,63.32,3.647253,2,1,51.32,48.68,0.00068832,17.126993,123.8938,7,1,1.5234,1194.81054,1.9611,16.89,20.51
68,0.202425,0.012646,0.215072,3.24,4.01,4.86,1.359356465,-217.8567,941.05504,790.728,9.86,307.041964,2,16,0.75,99.25,0.30358862,2231.291404,51231.4585,4,7,15.4824,6899.65516,1.2842,15.07,20.35
69,-0.200051,0.221229,0.021178,24.14,15.13,20.7225,6.28133495,-47.05411,41.44619,129.167,91.49,3.821586,1,0,54.19,45.81,0.00073926,12.030453,57.7184,5,0,-1.24383,1159.69249,1.2481,16.54,19.73
70,-0.183647,0.130041,-0.053606,3.86,9.81,8.1525,4.518729772,-42.14286,54.3079,559.618,79.15,6.661199,6,8,46.3,53.7,0.00032329,70.532284,1020.1302,7,6,7.8503,4445.19048,1.4107,18.86,20.18
71,-0.167221,0.083575,-0.083646,2.45,5.25,3.8825,1.149508047,-36.42003,19.51382,1122.513,82.47,4.958733,13,23,68.61,31.39,0.00018712,102.883034,2486.997,13,11,19.2962,9045.19394,1.3906,17.2,21.17
72,-0.117909,0.016067,-0.101841,3.68,9.89,4.9075,2.889562034,-33.41544,46.02352,1370.042,12.96,18.076988,12,24,49.16,50.84,0.000403,125.443158,1907.5705,12,12,26.3484,10759.40902,1.4268,18.5,21
73,-0.178969,0.167315,-0.011654,89.45,23.61,58.1825,31.20404571,-53.18989,44.43164,157.076,0,10.33244,0,0,9.11,90.89,0.00085082,4.690604,27.4825,2,0,1.9903,1052.23555,1.6728,19.46,22.06
74,-0.191474,0.161315,-0.03016,6.05,7.96,6.2825,1.340603875,-39.26822,55.76635,455.494,62.46,2.294559,2,7,52.83,47.17,0.00033979,30.605558,460.489,5,5,7.0864,3724.45467,1.3704,23.19,25.6
75,-0.168904,0.08431,-0.084594,5.64,5.63,5.42,0.225277607,-45.6667,20.36082,1363.7,125.57,9.667786,15,24,59.97,40.03,0.00024207,70.203824,1200.6436,15,13,22.98266,10887.9398,1.4035,18.63,24.34
76,-0.185742,0.07242,-0.113322,5.7,6.68,6.5125,2.066656418,-43.17862,37.37816,534.597,108.57,11.921468,8,8,55.68,44.32,0.00040887,51.591313,1354.2993,9,5,6.83688,4100.69205,1.4609,18.34,21.24
77,-0.212529,0.165227,-0.047302,6.94,5.46,8,3.037433127,-60.42885,14.99084,360.46,25.78,2.946284,2,2,69.33,30.67,0.00030542,17.948963,195.7167,2,5,6.73384,3055.64826,1.3219,22.7,24.6
78,-0.289102,0.186593,-0.102509,17.4,13.26,14.8275,1.910777002,-34.74993,63.10157,203.09,100.67,4.170156,3,2,41.17,58.83,0.00068037,15.075693,240.6117,7,1,0.3978,1361.12169,1.672,9.02,13.94
79,-0.178567,0.080813,-0.097754,3.77,8.29,5.3675,1.872917176,-41.27925,38.00371,862.02,104.49,14.062842,9,15,61.62,38.38,0.00028358,68.859688,2872.1589,10,8,13.71468,6908.93742,1.3981,16.83,19.18
80,-0.18133,0.115934,-0.065397,5.2,7.19,5.0325,1.36852795,-31.85059,46.17124,571.72,40.54,1.736925,2,4,73.32,26.68,0.00016768,14.015394,306.9732,3,6,10.6204,4746.58885,1.3497,18.81,20
81,-0.204307,0.121348,-0.082959,6.33,5.71,6.3,0.70445014,-44.43592,56.67141,272.303,37.3,5.570955,1,2,57.71,42.29,0.00056199,31.720238,514.9674,2,4,4.6818,2165.28923,1.4092,22.3,25.2
82,-0.183059,0.158427,-0.024633,6.83,7.86,6.705,0.957248662,-50.56157,51.95682,385.356,79.23,5.751188,4,6,55.41,44.59,0.00058146,43.546369,484.9028,7,3,3.9766,3001.78194,1.4385,22.87,23.3
83,-0.177848,0.099756,-0.078092,4.04,3.91,3.915,0.145,-12.81014,21.4175,494.778,0,0.682238,6,5,65.19,34.81,0.00010112,39.778406,135.9663,6,6,10.3906,3627.65413,1.5283,20.24,22.23
84,-0.189294,0.162338,-0.026956,8.68,7.6,8.3175,0.452679522,-39.35223,56.08964,477.089,70,4.194737,3,5,58.32,41.68,0.00041712,22.762835,382.3723,8,2,5.4133,2867.45521,1.8644,20.9,23.66
85,-0.157087,0.13033,-0.026757,3.96,4.74,4.2375,0.515479146,-36.07236,16.94821,1269.464,124.1,2.391731,13,22,52.17,47.83,0.00015632,35.955731,1109.1277,14,12,19.4329,10165.4753,1.3994,14.07,18.15
86,-0.178948,0.083206,-0.095741,3.54,6.76,4.3625,1.384275533,-44.92445,36.63715,900.231,104.9,11.519607,10,21,67.68,32.32,0.00028369,87.468707,2648.6769,11,9,15.63938,7540.14483,1.3379,9.36,20.65
87,-0.186151,0.122625,-0.063526,5.36,5.26,4.9775,0.413906692,-31.86616,45.84216,358.404,57.36,0.0001,2,0,60.53,39.47,0.00028576,24.896874,0.1487,4,7,6.052,2771.5404,1.4491,12.4,15.9
88,-0.182253,0.168607,-0.013646,8.5,5.37,6.9925,1.118981121,-40.37845,53.52689,353.358,60.77,1.117859,2,6,68.54,31.46,0.00038977,13.998939,412.2839,5,3,4.8766,2867.16591,1.381,21.6,24.5
89,-0.176408,0.104304,-0.072104,3.44,5.81,4.3525,1.000409291,-49.89769,26.35621,1450.112,59.08,12.726888,10,35,76.29,23.71,0.00025483,144.817551,3926.8211,10,12,29.22244,12545.87968,1.2952,10.93,13.19
90,-0.171574,0.14328,-0.028294,4.08,5.25,4.1125,0.924564086,-15.90312,11.71683,516.688,6.48,0.270003,2,7,79.62,20.38,7.17E-05,15.34697,163.0931,2,6,10.91004,4489.65128,1.2896,14.82,19.77
91,-0.200035,0.116872,-0.083162,7,9.24,6.7825,1.555287353,-41.96063,48.16205,340.382,64.33,6.278105,3,5,55.79,44.21,0.00046891,15.142241,431.5,4,3,5.14798,2781.14877,1.3714,19.97,20.94
93,-0.174455,0.151382,-0.023073,7.57,6.72,6.9725,0.388997108,-39.32937,54.91453,478.422,124.92,0.00092,4,10,45.22,54.78,0.00049754,36.788365,0.2708,10,4,4.665,3727.54241,1.4382,20.6,22.8
94,-0.270988,0.238939,-0.032049,22.63,15.71,19.7775,2.540446565,-41.98675,62.56599,112.088,65.98,5.97126,2,1,33.19,66.81,0.00119911,9.591738,96.9256,4,1,0.1079,827.71691,1.5175,21.28,23.77
95,-0.174211,0.081462,-0.092749,3.1,7.73,4.8875,1.774843303,-35.50731,15.23962,670.841,32.26,1.909582,5,6,65.12,34.88,0.00015221,53.101236,242.426,5,8,11.4305,5595.67827,1.3434,18.34,21.84
96,-0.247665,0.189472,-0.058194,19.89,20.05,19.9425,0.224652509,-30.04209,37.68277,245.946,24.06,2.240401,2,5,42.89,57.11,0.00028432,14.336804,101.9539,4,0,1.5656,1369.49413,2.0124,18.71,21.26
97,-0.180597,0.161346,-0.019251,9.3,6.59,8.29,1.540665441,-38.91326,43.51189,551.566,21.26,2.347061,2,6,66.53,33.47,0.00021455,10.43815,378.0293,4,6,7.0523,4476.77875,1.3806,19.38,21.9
98,-0.236727,0.309811,0.073084,43.37,22.44,30.655,12.14642437,-38.31469,42.06273,61.084,46.25,2.832951,2,1,39.06,60.94,0.00058866,2.28186,58.7669,2,0,-1.0626,612.06374,1.1183,14.68,19.16
100,-0.152381,0.114278,-0.038104,3.62,8.62,6.79,3.355160205,-28.05215,19.49156,1088.368,39.73,3.06771,7,17,55.55,44.45,0.00013933,45.114418,649.4127,7,14,20.041,9080.22078,1.3431,13.7,16.4
101,-0.164464,0.020441,-0.144024,28.71,14.69,19.3725,5.507051729,-78.004,58.59523,201.247,61.08,23.438641,3,4,6.87,93.13,0.0018671,19.630638,334.5485,5,1,-0.0906,1549.21437,1.4556,20,21.7
102,-0.172469,0.089938,-0.082531,3.85,5.87,4.3625,0.870441698,-37.71769,20.99454,1399.021,80.78,10.656493,12,38,77.47,22.53,0.0001817,48.026302,1638.8659,13,11,26.8124,11978.12592,1.3088,17.01,17.6
104,-0.184138,0.159449,-0.024689,7.96,7.77,6.6825,1.211453156,-41.41265,43.34044,317.197,43.7,4.584344,3,4,70,30,0.00038418,28.455086,455.7372,4,3,3.45304,2734.61524,1.2998,21.05,22.62
105,-0.266324,0.271317,0.004993,28.63,27.07,24.575,7.065835053,-44.25117,43.56175,358.563,66.76,3.220435,4,19,77.31,22.69,0.0004987,47.679203,1459.2058,4,0,5.1443,3614.55639,1.1116,14.82,17.29
106,-0.188335,0.147303,-0.041032,4.79,3.47,3.995,0.7618891,-33.20886,47.79902,695.87,73.15,2.432323,2,0,60.75,39.25,0.00029332,34.552801,866.5744,5,10,12.299,5551.21749,1.4047,16.67,17.44
107,-0.162016,0.101596,-0.06042,3.6,3.19,3.23,0.468348161,-20.05565,20.69064,1278.838,24.02,5.049393,10,15,60.51,39.49,0.00010903,103.30705,1422.0941,10,16,25.7346,10287.04576,1.393,18.12,19.05
109,-0.23752,0.308427,0.070907,44.47,7.39,17.3975,15.65648009,-37.32881,27.77151,135.157,26.02,1.896089,1,0,48.03,51.97,0.00025529,9.603305,72.2026,3,0,1.523,1095.34843,1.3827,13.86,16.55
111,-0.220384,0.205457,-0.014927,12.23,13.58,18.96,11.36516388,-50.8593,57.81375,254.246,102.28,6.531967,8,3,34.55,65.45,0.00083502,25.471677,236.1834,8,2,-2.2131,1905.58452,1.4951,18.1,18.77
112,-0.167389,0.116008,-0.051381,3.16,4.11,3.6725,0.414751432,-30.8469,22.79613,1079.118,43.4,3.70889,8,26,58.4,41.6,0.00016642,45.574921,3449.5666,10,7,19.7664,8361.60644,1.4462,18.94,21.85
113,-0.125949,0.016921,-0.109029,3.89,11.92,7.8125,3.414654997,-67.46791,25.54498,1007.247,69.18,4.809817,8,18,52.46,47.54,0.00036473,136.6869,1132.315,8,10,16.8225,8391.84491,1.345,18.1,20.8
114,-0.252835,0.230313,-0.022523,11.85,12.9,14.1,2.515263406,-39.46346,51.51103,152.149,57.53,4.243382,2,2,42.83,57.17,0.00059443,8.402552,107.8798,3,1,0.8046,1204.47885,1.4155,14.9,18.42
115,-0.166629,0.097426,-0.069204,3.57,6.43,4.55,1.18785521,-25.27578,20.28721,1459.139,16.2,3.382324,13,24,67.72,32.28,0.00012657,59.032278,3179.1768,13,13,28.3801,11815.02866,1.3839,17.69,20.3
116,-0.164723,0.112715,-0.052009,2.72,5.33,3.595,1.024707275,-23.4516,17.85745,786.972,43.4,2.428447,6,14,59.54,40.46,0.00012706,97.452082,1905.4637,6,8,14.165,6610.15635,1.3341,21.12,21.34
117,-0.259944,0.203239,-0.056705,34.02,11.97,19.825,8.417798109,-36.11878,20.68469,137.138,39.19,3.59658,3,1,50.38,49.62,0.0003842,6.352687,107.5776,3,1,0.8682,1116.42951,1.3765,16.31,18.13
118,-0.235753,0.263457,0.027704,68.91,32.95,42.46,18.37099752,-35.6314,29.05616,77.152,26.02,2.026162,2,1,40.95,59.05,0.00030439,7.445342,49.2048,2,0,-0.1251,743.76317,1.1624,19.83,22.05
119,-0.197593,0.115605,-0.081988,12.99,8.2,10.2275,1.741929605,-37.07987,17.54491,205.26,12.89,1.532057,1,1,61.19,38.81,0.00020541,14.696063,225.2142,1,1,3.8534,1774.88497,1.2959,16.89,17.84
121,-0.1546,0.126391,-0.028209,1.75,5.05,3.3775,1.62781103,-26.52899,15.84022,1317.556,96.66,2.700608,14,22,56.03,43.97,0.00013159,48.271802,2321.7362,14,15,21.8288,10668.10117,1.3839,12,17.45
122,-0.206957,0.130228,-0.07673,5.2,5.65,6.2525,0.852214028,-37.05686,47.40964,384.438,120.32,0.002667,6,0,39.47,60.53,0.00079803,88.781454,0.4124,8,3,2.4774,2669.24261,1.6139,22.19,25
123,-0.197327,0.156181,-0.041146,4.82,7.41,6.45,1.070537248,-28.85831,37.33841,354.417,116.73,1.059916,6,3,34.82,65.18,0.00042729,49.197762,706.2165,6,4,3.6192,2881.82387,1.3781,22.36,24.57
124,-0.173576,0.133075,-0.0405,3.33,3.32,3.7575,0.775318483,-16.32599,14.66136,592.786,6.48,0.045368,2,11,74.56,25.44,7.62E-05,6.890866,141.9952,2,6,12.8652,5190.07829,1.2799,19.1,21.4
125,-0.153854,0.060956,-0.092898,15.65,51.15,53.5025,23.75351698,-31.32803,42.32431,247.828,40.46,2.758746,2,1,34.83,65.17,0.00047939,8.968202,55.1192,4,1,-0.029,1154.1281,2.4062,20.04,22.91
126,-0.172967,0.108949,-0.064017,3.44,6.35,4.7125,1.112483146,-38.77024,19.49726,1115.482,42.12,4.960988,6,20,70.39,29.61,0.0001187,36.386774,556.8153,6,14,22.6138,9549.76346,1.3089,10.03,14.46
127,-0.169599,0.114941,-0.054658,2.89,4.04,3.5575,0.464670582,-29.57934,24.17133,1135.226,43.4,0.212481,8,28,57.59,42.41,0.00016379,61.764849,126.7099,10,7,21.0386,8935.7896,1.4236,19.04,20.67
128,-0.183346,0.140748,-0.042598,4.79,7.09,5.3325,1.071409702,-46.56729,48.54029,561.634,77.46,8.976954,6,10,57.13,42.87,0.00036884,52.040943,1568.5051,7,5,8.223,4541.90485,1.3857,18.9,19.8
129,-0.279687,0.086709,-0.192978,7.37,7.59,9.1375,2.150690296,-25.07941,45.19709,276.152,95.16,0.001687,4,0,36.19,63.81,0.00051283,32.105994,0.094,8,1,0.63872,1739.52608,1.7789,20.4,22.5
130,-0.282058,0.338679,0.056621,19.07,6.5,14.46,7.053477866,-26.41876,18.95258,218.247,27.69,2.815257,3,5,53.22,46.78,0.00012043,7.877333,70.9676,7,0,1.8169,1598.20147,1.5302,17.98,19.58
131,-0.15974,0.140981,-0.018759,3.48,3.04,3.8075,0.569446003,-16.60393,11.32895,789.039,12.96,0.359108,4,12,84.37,15.63,6.78E-05,8.372834,260.5011,4,9,16.49106,6770.2049,1.306,19.69,22.56
132,-0.174963,0.161245,-0.013718,6.53,4.31,5.1225,1.289832838,-20.90056,13.06363,626.888,6.48,1.757428,2,8,81.05,18.95,9.25E-05,11.260809,270.8194,2,6,13.11008,5579.87442,1.2589,17.1,20.58
133,-0.186121,0.107755,-0.078366,3.95,6.58,5.3225,0.998983859,-16.13489,20.29503,959.956,9.72,3.023383,3,10,62.96,37.04,0.00011307,83.29923,1110.8315,12,9,18.7217,7011.06986,1.5343,18.1,19.82
134,-0.17249,0.131024,-0.041466,4.12,4.1,4.105,0.162864975,-18.0359,14.04849,588.754,6.48,0.234427,2,7,71.15,28.85,8.62E-05,13.832055,219.64,2,8,12.5996,4951.22376,1.3325,15.4,18.4
136,-0.195519,0.163452,-0.032068,11.09,7.77,10.125,2.042565788,-31.00575,62.65758,511.996,60.77,4.51482,2,3,59.73,40.27,0.00048402,24.827924,188.2319,8,2,2.4958,2704.15687,2.1217,21.02,22.73
137,-0.157915,0.110448,-0.047467,2.79,3.86,3.72,0.749633244,-44.68795,19.02115,1224.562,82.92,6.137138,13,23,56.59,43.41,0.00018283,59.022788,2394.9519,13,13,21.508,9966.59651,1.3768,18.67,20.23
138,-0.168766,0.110304,-0.058462,3.33,5.66,4.5475,1.349599478,-28.81571,17.96386,1617.962,49.88,2.286236,8,20,61.53,38.47,0.00010728,36.662891,1094.8074,8,24,32.1972,12946.6858,1.4004,18.66,20.15
139,-0.157918,0.127063,-0.030855,3.68,5.33,4.3575,0.740350424,-24.73048,17.06107,853.075,43.4,2.487761,6,16,61.26,38.74,0.0001257,44.003668,796.1199,6,8,14.6985,7161.11795,1.3349,6.88,11.42
140,-0.196295,0.125163,-0.071132,6.42,5.47,7.44,3.509408782,-43.0617,53.18109,590.851,55.76,7.877885,5,16,72.18,27.82,0.00034892,63.731879,1904.0459,6,4,10.7716,5106.47446,1.2966,9.57,12.03
141,-0.182799,0.131412,-0.051387,4.69,3.99,4.225,0.310684728,-16.48979,19.5476,584.844,26.28,0.289868,2,16,78.57,21.43,9.96E-05,34.412657,233.9359,2,6,13.4722,5386.33049,1.2167,17.14,17.51
142,-0.244471,0.19375,-0.050721,26.4,10.78,22.2675,9.949355193,-39.76929,39.94653,188.152,49.87,1.902049,1,1,54.35,45.65,0.00040304,17.026686,172.3529,5,1,1.98947,1311.99715,1.607,20.43,22.76
143,-0.192757,0.155991,-0.036766,6.47,5.31,6.16,0.563160723,-41.98357,61.9194,500.428,124.92,3.847102,4,8,44.42,55.58,0.00055678,31.430155,422.6266,10,5,5.038,3725.7696,1.5051,18.52,22.9
144,-0.148882,0.076797,-0.072085,3.43,4.13,3.49,0.40193283,-32.7124,31.14044,1128.389,103.43,5.298732,12,19,55.03,44.97,0.00016609,109.503134,1679.3286,13,12,18.329,9016.43444,1.4024,14.54,18.77
145,-0.201017,0.171054,-0.029963,9.45,7.61,9.29,2.105469069,-37.30451,57.44779,404.255,60.77,3.671345,3,5,52.67,47.33,0.00039985,18.343759,338.2725,8,2,5.554,2893.57141,1.5655,20.8,22.4
146,-0.155755,0.101487,-0.054268,3.98,5.07,5.0825,2.307925205,-39.40067,32.24567,1318.613,119.56,7.363237,13,22,55.22,44.78,0.00019562,78.157365,2453.6661,14,14,21.74914,10676.38631,1.384,13.71,20.81
147,-0.171306,0.074075,-0.097231,7.21,6.07,5.6075,1.224180849,-52.60467,48.59314,1059.246,165.41,12.394799,13,15,53.24,46.76,0.00035862,74.117388,2663.0278,15,11,13.43786,8242.4498,1.44,14.97,20.51
149,-0.178349,0.082187,-0.096162,6.22,9.3,6.4825,1.991335921,-43.06521,52.59105,595.627,84.78,8.746769,7,8,62.74,37.26,0.00033792,69.636738,1819.545,10,6,8.4887,4382.94756,1.5228,15.32,20.32
150,-0.199239,0.174804,-0.024435,8.7,7.84,8.4,0.661362231,-37.7636,56.82428,503.171,60.77,3.138977,2,5,56.45,43.55,0.00028804,16.677089,356.1039,7,2,5.9469,3208.55843,1.7573,19.93,23.07
151,-0.191153,0.077312,-0.113841,5.67,6.77,6.525,2.11620533,-43.00629,59.82577,538.56,119.57,13.260175,8,7,56.72,43.28,0.00050327,26.717256,1501.8368,10,5,6.67298,3963.18572,1.5227,20.69,22.37
153,-0.162159,0.110194,-0.051965,3.38,3.77,4.9375,1.380821766,-61.39251,42.37126,1122.36,103.43,2.645966,11,19,51.92,48.08,0.00025781,73.796539,1243.8847,12,12,18.2675,9063.30845,1.3877,15.2,17.37
154,-0.179667,0.116948,-0.062719,4.27,7.46,5.055,1.455068727,-32.65926,20.92541,911.161,23.55,2.94096,3,4,65.76,34.24,0.00015208,39.350057,504.7449,3,10,17.4169,7435.74804,1.3731,18.07,20.34
155,-0.170141,0.155046,-0.015094,3.82,3.6,3.915,0.219715725,-23.77439,11.14231,560.741,15.71,1.170282,3,8,82.99,17.01,7.51E-05,11.732822,335.8828,3,6,11.65218,4876.73355,1.2885,18.67,20.57
156,-0.302605,0.188587,-0.114018,13.51,13.21,12.96,0.963171843,-32.04568,35.6184,184.101,66.93,4.492078,3,1,28.53,71.47,0.00038373,18.722903,92.885,6,1,1.74468,1169.72269,1.7637,22.5,25.01
157,-0.166533,0.08843,-0.078102,2.25,6.02,3.465,1.520402907,-32.55215,23.27665,1505.832,112.58,4.513703,16,24,61.93,38.07,0.00014529,65.586655,2598.3046,16,17,25.8284,11981.24169,1.4084,17.37,18.79
158,-0.156154,0.118721,-0.037433,1.81,12.11,5.1375,4.198424556,-32.85382,19.95622,1318.544,109.55,3.328784,15,22,56.14,43.86,0.00014007,49.615173,2305.1275,15,15,21.2238,10621.96569,1.391,15.02,16.13
159,-0.220174,0.224346,0.004172,16.57,15.26,16.6325,1.117818746,-38.38251,20.82069,467.607,87.93,2.644028,9,16,73.18,26.82,0.00027271,19.565073,207.5381,9,0,1.295,4097.67569,1.2787,17.54,20.21
160,-0.289321,0.182087,-0.107234,17.26,11,13.2675,2.814510393,-29.70629,57.47418,167.12,80.44,3.685257,3,2,42.62,57.38,0.00041467,12.618092,191.0971,5,1,1.293,1185.51293,1.5797,10.42,10.93
161,-0.21891,0.252718,0.033808,21.98,15.68,23.21,12.97981895,-47.8081,30.37194,125.175,43.84,5.165633,3,3,30.1,69.9,0.00054261,8.248621,161.4557,3,1,0.2319,1179.85318,1.1888,19.82,22.02
162,-0.230929,0.171327,-0.059602,34.69,44.99,37.2125,14.57199433,-33.35474,42.99426,184.968,64.4,3.542345,1,0,36.9,63.1,0.00051483,10.041795,65.3148,4,0,-0.3902,845.31787,2.452,18.38,20.56
163,-0.247397,0.253102,0.005705,45.21,27.35,36.6525,7.490929098,-37.04655,50.33233,89.094,63.32,1.35194,2,1,50.53,49.47,0.00049156,4.046274,79.2792,3,0,-0.5818,770.0971,1.2964,18.45,20.27
164,-0.170442,0.110252,-0.06019,3.1,3.81,3.29,0.302076149,-24.06342,19.48828,1249.972,6.48,2.357147,10,26,70.33,29.67,0.00010922,86.413643,1646.0354,10,11,26.252,10455.02444,1.3397,19.49,21.08
165,-0.167764,0.09266,-0.075104,3.09,9.06,5.11,2.381459636,-39.31921,18.64133,786.928,60.47,5.42365,7,12,58.44,41.56,0.00017704,70.100095,1612.5593,7,8,13.206,6420.86861,1.3733,17.02,20.24
166,-0.19799,0.177896,-0.020094,19.02,6.45,9.33,5.610458983,-26.1948,12.59885,304.373,0,1.482022,0,3,76.38,23.62,0.00010938,5.44806,131.9134,1,3,4.37006,2697.86945,1.2642,22.03,23.81
167,-0.16451,0.137427,-0.027083,4.6,5.51,4.3575,0.774479664,-23.57166,20.98356,638.789,43.4,5.577434,7,10,53.49,46.51,0.00014324,38.325342,299.2291,7,7,11.0285,5144.83727,1.3913,15.19,19.5
168,-0.261433,0.189014,-0.072419,20.21,4.64,9.875,6.079903371,-7.52671,25.72352,670.274,0,1.079822,0,3,68.08,31.92,0.000119,2.128134,157.6967,19,3,9.5576,3662.3995,2.0508,18.5,20.69
169,-0.381375,0.226525,-0.15485,18.23,10.38,15.135,2.957824369,53.61423,117.32958,150.245,0,5.920522,0,2,0,100,0.00069849,20.074564,62.1889,1,1,1.8928,1460.73032,1.1526,23.52,25.45
170,-0.224528,0.290562,0.066035,47.9,5.4,18.1625,17.45198323,-44.71962,22.10532,221.373,53.71,2.320926,4,9,78.93,21.07,0.00032091,10.180059,177.9278,5,0,1.3836,2108.49707,1.1765,18.2,20.1
171,-0.169211,0.119166,-0.050046,3.29,5.05,4.915,1.827641923,-64.06167,18.51016,786.932,69.18,3.820897,8,12,57.9,42.1,0.00024956,67.968629,2640.1249,8,9,13.091,6415.74799,1.3744,18.32,20.14
172,-0.182227,0.122978,-0.059248,3.76,3.42,3.7125,0.171664644,-43.12969,52.89433,756.902,81.08,12.287896,4,11,63.2,36.8,0.00044917,59.557686,4401.1927,6,8,13.64044,6215.7834,1.3645,18.62,19.52
173,-0.1969,0.10293,-0.09397,5.42,10.52,7.55,1.85625968,-39.31293,62.04705,490.499,86.25,3.106883,3,3,57.51,42.49,0.0004657,16.453896,699.3483,6,5,7.13218,3853.59862,1.4263,17.19,20.28
174,-0.158679,0.126428,-0.032251,2.18,3.43,3.0225,0.654727997,-42.28625,21.99347,1234.466,92.15,4.237037,12,20,53.64,46.36,0.00018171,89.894572,2264.4953,12,14,20.8025,10017.42489,1.3809,13.78,17.58
175,-0.191783,0.13201,-0.059773,6.09,5.76,5.365,0.611330516,-43.11172,25.70047,735.059,40.62,9.832275,8,10,53.16,46.84,0.00042827,41.900424,966.8847,9,6,12.327,5746.45736,1.4334,18.49,18.72
176,-0.231713,0.189193,-0.04252,14.28,12.01,15.7275,4.290159525,-51.74343,51.96944,138.126,76.21,7.864598,3,1,28.94,71.06,0.00111656,12.973471,153.131,4,1,0.362,1066.24831,1.4516,22.6,24.87
177,-0.158197,0.135426,-0.022771,2.36,3.49,3.6825,0.877421649,-45.97472,20.93432,1084.286,92.15,5.48826,12,20,55.56,44.44,0.00019241,56.978474,2102.3456,12,11,17.3429,8862.15201,1.371,13.41,16.54
178,-0.173252,0.109536,-0.063716,3.25,3.13,3.4575,0.297772984,-27.09426,21.632,943.326,46.78,0.432433,10,26,71.79,28.21,0.00012094,59.434155,646.3081,12,8,15.513,7791.8065,1.3566,12.14,16.6
179,-0.281722,0.189265,-0.092458,32.65,10.54,23.47,11.99221623,-34.20278,54.2141,319.979,37.3,4.149572,1,1,47.91,52.09,0.00053833,16.465656,240.109,7,1,2.5458,1416.07599,2.5321,19.5,22.02
180,-0.179571,0.155764,-0.023807,4.65,7.67,6.1725,1.507553896,-39.61511,59.74867,576.526,124.92,2.647292,4,9,44.98,55.02,0.00050305,54.460556,697.6306,10,6,6.705,4429.25235,1.4586,21.7,23.8
181,-0.209702,0.162838,-0.046864,7.79,8.23,8.055,0.215,-33.17953,62.54161,433.036,62.46,4.475785,2,3,52.11,47.89,0.00045713,18.054318,288.1995,7,3,4.4972,2516.84167,1.928,15.16,19.34
182,-0.238384,0.193436,-0.044948,42.89,11.15,20.64,12.95389131,-36.90643,47.31116,165.192,63.32,1.922426,2,3,56.62,43.38,0.00043786,18.022832,114.4261,3,1,0.886,1416.69784,1.3066,19.21,21.27
185,-0.184698,0.136009,-0.048689,6.99,8.78,7.11,1.124255309,-43.21304,50.41194,608.741,43.78,5.815247,3,9,69.98,30.02,0.00027736,43.283397,666.4928,4,7,11.6584,5042.78578,1.3527,19.38,22.25
186,-0.167331,0.107606,-0.059725,6.43,4.28,5.06,0.855248502,-32.71602,21.42782,1134.521,65.52,4.444631,10,27,67.05,32.95,0.00013189,60.312827,583.0053,10,10,21.0399,9568.80248,1.3286,14.2,15.33
187,-0.172114,0.104149,-0.067965,2.63,4.99,3.67,0.887693641,-41.08373,18.51431,1079.442,109.44,3.011852,12,29,72.7,27.3,0.00024561,48.108356,866.9079,12,8,19.00656,9148.71829,1.3221,18.4,21.1
188,-0.178833,0.07262,-0.106212,7.22,6.01,7.1975,1.006165369,-37.7381,25.97771,858.998,90.98,8.163676,8,12,62.27,37.73,0.00023334,25.636361,645.6094,8,9,14.53856,6930.70179,1.3888,19.78,20.34
189,-0.167761,0.108776,-0.058985,3.25,4.35,3.4075,0.590608796,-23.82194,19.23664,1017.599,6.48,1.352035,8,22,73.27,26.73,0.0001184,30.512827,2034.6678,8,8,21.1781,8617.98622,1.3231,20.26,20.77
190,-0.13453,0.021945,-0.112585,7.38,15.18,9.225,3.789363403,-59.19634,27.64841,993.217,77.99,10.988701,10,18,52.69,47.31,0.00036767,77.408837,1452.4964,10,9,16.2861,8032.39023,1.3856,12.14,12.99
192,-0.249487,0.25571,0.006223,45.94,28.71,40.165,7.011777592,-37.2905,51.05242,75.067,63.32,1.304632,2,1,33.66,66.34,0.00049739,4.484119,77.3122,3,0,-0.9703,616.99747,1.3634,15.27,17.96
193,-0.158788,0.128809,-0.029979,6.32,2.88,4.71,1.250399936,-25.99013,18.43289,935.224,26.63,2.651059,4,16,67.88,32.12,0.00014576,30.25716,787.4329,4,11,18.8638,7978.55906,1.3135,18.87,20.06
194,-0.191335,0.123162,-0.068173,7.06,7.98,6.8075,0.869809606,-44.20203,49.6323,371.461,40.54,7.327098,3,5,62.06,37.94,0.00045817,45.046136,898.9205,4,4,6.5831,2963.30965,1.4047,19.41,20.58
195,-0.185052,0.169261,-0.015791,6.88,8.04,8.125,0.889058491,-40.29422,55.24574,335.296,80.92,1.277256,4,5,45.16,54.84,0.00041326,29.659151,301.4072,7,3,2.9894,2574.82899,1.4592,22.8,24.8
196,-0.155595,0.127582,-0.028013,3.54,6.26,4.17,1.214804511,-37.63586,57.80465,729.77,105.86,2.893634,8,13,51.04,48.96,0.0002898,39.302753,1023.0078,11,7,9.9462,5792.64835,1.4117,18.9,17.5
197,-0.170878,0.131966,-0.038912,5.33,6.21,6.0825,0.759782041,-27.23686,19.483,703.061,6.48,3.695981,7,10,62.44,37.56,0.00012226,38.155664,654.5706,7,7,13.8817,5625.69507,1.4004,19.22,21.12
198,-0.169184,0.110684,-0.058499,2.49,3.8,3.2875,0.540942465,-31.75375,19.81394,1125.404,61.86,0.471776,10,26,66.66,33.34,0.00017457,135.761305,214.4517,14,9,20.1708,9049.9742,1.3935,12.6,18.69
199,-0.233798,0.261448,0.02765,71.83,33.79,36.05,21.78252969698423,-44.28458,59.03855,284.35799999999983,66.76,3.715675,3,12,61.58,38.42,0.00053004,45.44149,1047.4028,6,0,3.5364000000000027,2509.11461,1.2699,23.29,25.19
201,-0.225035,0.258257,0.033222,22.8,19.22,32.535000000000004,13.04658863458184,-45.63008,51.18216,68.079,28.68,3.716505,1,0,36.65,63.35,0.00082921,5.741629,24.475,2,1,0.4096999999999999,597.20902,1.2774,24.19,26.05
202,-0.187506,0.141492,-0.046015,4.33,8.93,6.53,1.8778178825434588,-40.3726,55.4006,515.5960000000002,62.46,1.138035,4,4,57.33,42.67,0.00033584,26.659973,682.9529,7,6,7.660540000000008,3932.89231,1.469,23.85,25.62
203,-0.210043,0.18985,-0.020193,10.74,5.97,8.2575,2.450238508798684,-26.59231,15.80201,412.4530000000001,0,2.749922,0,8,66.38,33.62,0.00012625,16.020849,282.2602,2,4,5.642300000000005,3620.1193,1.2767,22.6,24.5
204,-0.252211,0.261548,0.009337,25.15,26.3,22.7175,3.119385957203757,-40.18323,47.4251,132.119,92.42,3.603207,2,3,35.66,64.34,0.00077347,16.794856,152.2004,5,0,-0.8706,1037.31228,1.4272,23.14,25.32
205,-0.194882,0.130653,-0.064229,7.68,10.18,6.9975,2.129511387619235,-42.80274,57.97249,431.3210000000001,118.3,7.347542,3,6,54.72,45.28,0.00052618,29.167172,444.1008,9,3,4.810200000000005,3169.3933,1.525,23.88,26.11
206,-0.221339,0.193197,-0.028143,21.04,8.3,13.7325,5.283953893629277,-33.38887,48.12163,244.23,37.3,2.575852,1,4,63.97,36.03,0.00028919,6.152311,156.5052,3,2,2.2039,2008.62992,1.3625,23.77,26.53
207,-0.301828,0.241355,-0.060474,29.02,13.89,22.75,8.19406797628626,-30.62189,66.66385,190.04800000000003,74.6,3.188519,2,3,48.75,51.25,0.00088447,14.502536,113.4134,8,0,0.4262,997.88839,2.1342,23.99,25.92
208,-0.191558,0.165306,-0.026252,8.07,6.5,6.705,0.8454732402625172,-35.67133,17.2747,461.5140000000004,82.13999999999999,1.929876,7,9,61.19,38.81,0.0003005,32.61723,1002.22,7,3,5.345700000000005,3785.53926,1.3661,23.1,26.3
209,-0.335753,0.340986,0.005233,27.39,7.27,11.8575,9.0446762656272,-3.45168,19.22167,521.0639999999999,3.24,0.245088,1,6,95.44,4.56,3.72e-05,0.497501,11.9844,22,0,6.659600000000001,2134.40349,2.7357,24.47,25.7
210,-0.214236,0.147133,-0.067103,7.64,5.82,6.4075,0.7913082522001142,-40.27302,56.96188,377.3520000000001,115.14,2.639558,4,6,48.1,51.9,0.00063098,51.832973,561.2131,7,3,4.251000000000003,2822.39634,1.4982,23.29,26.5
211,-0.25876,0.209325,-0.049435,13.89,11.65,15.065,2.545078584248432,-31.83328,50.30424,140.113,37.3,1.33572,1,1,63.44,36.56,0.00043436,8.162009,124.4157,3,1,1.5239,1020.28872,1.5389,23.4,25.58
212,-0.236765,0.280898,0.044133,48.74,14.84,29.3,17.90032960590391,-41.06842,53.38733,139.091,83.55000000000001,1.305299,2,3,40.67,59.33,0.00068108,14.326649,140.1449,5,0,-0.4871,1101.55887,1.4149,25.91,26.25
213,-0.242002,0.167695,-0.074307,7.51,7.12,10.4125,5.526659818552251,-41.20051,58.06987,324.29600000000005,131.33,7.224578,6,4,32.61,67.39,0.00080837,65.372136,582.0461,8,3,1.7222999999999993,2390.14436,1.5204,23.06,25.03
